<?xml version="1.0" encoding="utf-8"?>
<Meta><Info><FQuality>96</FQuality><FImageWidth>750</FImageWidth><FImageHeight>250</FImageHeight><FThumbWidth>128</FThumbWidth><FThumbHeight>80</FThumbHeight><FCropType>2</FCropType><FTheFillIsTransparent>-1</FTheFillIsTransparent><FFillColor>16777215</FFillColor><FChangeImageSize>0</FChangeImageSize><TemplateName>Dotted</TemplateName><FPreloaderName>Basic</FPreloaderName><FIncludeEffectList><![CDATA[]]></FIncludeEffectList></Info><slides><slide><title><![CDATA[เพชรบูรณ์ copy]]></title><desc><![CDATA[]]></desc><contentType><![CDATA[image]]></contentType><content><![CDATA[]]></content><interval>-1</interval><effectType><![CDATA[Random]]></effectType><effectOptions><![CDATA[]]></effectOptions><pauseOnMouseOver>-1</pauseOnMouseOver><sourceImgPath><![CDATA[D:\Unnamed Site 9\Gallery\เพชรบูรณ์ copy.jpg]]></sourceImgPath><generatedNormalPath><![CDATA[C:\Users\Teacher\AppData\Local\Temp\hiSlider\images\temp_20141109023423851.jpg]]></generatedNormalPath><generatedThumbPath><![CDATA[C:\Users\Teacher\AppData\Local\Temp\hiSlider\images\temp_20141109023423891.jpg]]></generatedThumbPath></slide><slide><title><![CDATA[123456]]></title><desc><![CDATA[]]></desc><contentType><![CDATA[image]]></contentType><content><![CDATA[]]></content><interval>-1</interval><effectType><![CDATA[Random]]></effectType><effectOptions><![CDATA[]]></effectOptions><pauseOnMouseOver>-1</pauseOnMouseOver><sourceImgPath><![CDATA[D:\Unnamed Site 9\Gallery\123456.jpg]]></sourceImgPath><generatedNormalPath><![CDATA[C:\Users\Teacher\AppData\Local\Temp\hiSlider\images\temp_20141109023423907.jpg]]></generatedNormalPath><generatedThumbPath><![CDATA[C:\Users\Teacher\AppData\Local\Temp\hiSlider\images\temp_20141109023423941.jpg]]></generatedThumbPath></slide><slide><title><![CDATA[กำแพงเพชร copy]]></title><desc><![CDATA[]]></desc><contentType><![CDATA[image]]></contentType><content><![CDATA[]]></content><interval>-1</interval><effectType><![CDATA[Random]]></effectType><effectOptions><![CDATA[]]></effectOptions><pauseOnMouseOver>-1</pauseOnMouseOver><sourceImgPath><![CDATA[D:\Unnamed Site 9\Gallery\กำแพงเพชร copy.jpg]]></sourceImgPath><generatedNormalPath><![CDATA[C:\Users\Teacher\AppData\Local\Temp\hiSlider\images\temp_20141109023423957.jpg]]></generatedNormalPath><generatedThumbPath><![CDATA[C:\Users\Teacher\AppData\Local\Temp\hiSlider\images\temp_20141109023424005.jpg]]></generatedThumbPath></slide><slide><title><![CDATA[นครสวรรค์ copy]]></title><desc><![CDATA[]]></desc><contentType><![CDATA[image]]></contentType><content><![CDATA[]]></content><interval>-1</interval><effectType><![CDATA[Random]]></effectType><effectOptions><![CDATA[]]></effectOptions><pauseOnMouseOver>-1</pauseOnMouseOver><sourceImgPath><![CDATA[D:\Unnamed Site 9\Gallery\นครสวรรค์ copy.jpg]]></sourceImgPath><generatedNormalPath><![CDATA[C:\Users\Teacher\AppData\Local\Temp\hiSlider\images\temp_20141109023424036.jpg]]></generatedNormalPath><generatedThumbPath><![CDATA[C:\Users\Teacher\AppData\Local\Temp\hiSlider\images\temp_20141109023424077.jpg]]></generatedThumbPath></slide><slide><title><![CDATA[ตาก copy]]></title><desc><![CDATA[]]></desc><contentType><![CDATA[image]]></contentType><content><![CDATA[]]></content><interval>-1</interval><effectType><![CDATA[Random]]></effectType><effectOptions><![CDATA[]]></effectOptions><pauseOnMouseOver>-1</pauseOnMouseOver><sourceImgPath><![CDATA[D:\Unnamed Site 9\Gallery\ตาก copy.jpg]]></sourceImgPath><generatedNormalPath><![CDATA[C:\Users\Teacher\AppData\Local\Temp\hiSlider\images\temp_20141109023424105.jpg]]></generatedNormalPath><generatedThumbPath><![CDATA[C:\Users\Teacher\AppData\Local\Temp\hiSlider\images\temp_20141109023424137.jpg]]></generatedThumbPath></slide><slide><title><![CDATA[พิจิตร copy]]></title><desc><![CDATA[]]></desc><contentType><![CDATA[image]]></contentType><content><![CDATA[]]></content><interval>-1</interval><effectType><![CDATA[Random]]></effectType><effectOptions><![CDATA[]]></effectOptions><pauseOnMouseOver>-1</pauseOnMouseOver><sourceImgPath><![CDATA[D:\Unnamed Site 9\Gallery\พิจิตร copy.jpg]]></sourceImgPath><generatedNormalPath><![CDATA[C:\Users\Teacher\AppData\Local\Temp\hiSlider\images\temp_20141109023424157.jpg]]></generatedNormalPath><generatedThumbPath><![CDATA[C:\Users\Teacher\AppData\Local\Temp\hiSlider\images\temp_20141109023424195.jpg]]></generatedThumbPath></slide><slide><title><![CDATA[พิษณุโลก copy]]></title><desc><![CDATA[]]></desc><contentType><![CDATA[image]]></contentType><content><![CDATA[]]></content><interval>-1</interval><effectType><![CDATA[Random]]></effectType><effectOptions><![CDATA[]]></effectOptions><pauseOnMouseOver>-1</pauseOnMouseOver><sourceImgPath><![CDATA[D:\Unnamed Site 9\Gallery\พิษณุโลก copy.jpg]]></sourceImgPath><generatedNormalPath><![CDATA[C:\Users\Teacher\AppData\Local\Temp\hiSlider\images\temp_20141109023424246.jpg]]></generatedNormalPath><generatedThumbPath><![CDATA[C:\Users\Teacher\AppData\Local\Temp\hiSlider\images\temp_20141109023424295.jpg]]></generatedThumbPath></slide><slide><title><![CDATA[asdf]]></title><desc><![CDATA[]]></desc><contentType><![CDATA[image]]></contentType><content><![CDATA[]]></content><interval>-1</interval><effectType><![CDATA[Blind]]></effectType><effectOptions><![CDATA[duration=1500
easing="easeOutSine"
num=20
diretion="4"
type="0"
]]></effectOptions><pauseOnMouseOver>-1</pauseOnMouseOver><sourceImgPath><![CDATA[D:\Unnamed Site 9\Gallery\asdf.jpg]]></sourceImgPath><generatedNormalPath><![CDATA[C:\Users\Teacher\AppData\Local\Temp\hiSlider\images\temp_20141109023359441.jpg]]></generatedNormalPath><generatedThumbPath><![CDATA[C:\Users\Teacher\AppData\Local\Temp\hiSlider\images\temp_20141109023359468.jpg]]></generatedThumbPath></slide><slide><title><![CDATA[สุโขทัย copy]]></title><desc><![CDATA[]]></desc><contentType><![CDATA[image]]></contentType><content><![CDATA[]]></content><interval>-1</interval><effectType><![CDATA[Random]]></effectType><effectOptions><![CDATA[]]></effectOptions><pauseOnMouseOver>-1</pauseOnMouseOver><sourceImgPath><![CDATA[D:\Unnamed Site 9\Gallery\สุโขทัย copy.jpg]]></sourceImgPath><generatedNormalPath><![CDATA[C:\Users\Teacher\AppData\Local\Temp\hiSlider\images\temp_20141109023359491.jpg]]></generatedNormalPath><generatedThumbPath><![CDATA[C:\Users\Teacher\AppData\Local\Temp\hiSlider\images\temp_20141109023359519.jpg]]></generatedThumbPath></slide><slide><title><![CDATA[อุทัย copy]]></title><desc><![CDATA[]]></desc><contentType><![CDATA[image]]></contentType><content><![CDATA[]]></content><interval>-1</interval><effectType><![CDATA[Random]]></effectType><effectOptions><![CDATA[]]></effectOptions><pauseOnMouseOver>-1</pauseOnMouseOver><sourceImgPath><![CDATA[D:\Unnamed Site 9\Gallery\อุทัย copy.jpg]]></sourceImgPath><generatedNormalPath><![CDATA[C:\Users\Teacher\AppData\Local\Temp\hiSlider\images\temp_20141109023424339.jpg]]></generatedNormalPath><generatedThumbPath><![CDATA[C:\Users\Teacher\AppData\Local\Temp\hiSlider\images\temp_20141109023424373.jpg]]></generatedThumbPath></slide></slides></Meta>
